Customer name,Country,Region,Customer Number
Ac Mattis Semper LLC,United Kingdom,GNM,1606
Adipiscing Associates,United States,UT,1973
Adipiscing Elit Aliquam Corp.,Australia,NT,1038
Amet Dapibus Id LLP,United States,UT,1138
Ante Lectus Convallis Consulting,United States,KY,1441
At Iaculis Quis Institute,Australia,NS,1617
Auctor Velit Eget Incorporated,New Zealand,NI,1130
Augue Ac PC,Australia,QLD,1191
Condimentum Eget Volutpat Ltd,United Kingdom,BFD,1126
Consectetuer Adipiscing Limited,United States,WA,1575
Cum Sociis Natoque Associates,Australia,NSW,1614
Curabitur Foundation,Australia,QLD,1569
Cursus In Associates,United Kingdom,CBA,1864
Dapibus Corp.,Australia,VIC,1395
Diam PC,Australia,VIC,1187
Dictum Ltd,Australia,NT,1629
Dictum Magna Institute,Australia,NS,1803
Donec Egestas Aliquam Incorporated,New Zealand,NI,1148
Donec Ltd,United States,GA,1801
Duis LLC,United States,GA,1104
Egestas Corporation,United States,NE,1750
Eget Varius Associates,New Zealand,SI,1995
Eleifend Corp.,United Kingdom,DHM,1815
Elit Associates,New Zealand,NI,1166
Enim Etiam Gravida Inc.,United States,ID,1137
Enim Inc.,Australia,QLD,1259
Enim Mauris Quis Inc.,United States,NE,1721
Est Congue Associates,United States,NE,1054
Etiam Foundation,United Kingdom,BDS,1613
Etiam Gravida Molestie Inc.,United States,AK,1760
Eu Eros Nam Associates,United Kingdom,TYR,1251
Euismod Ltd,New Zealand,NI,1052
Felis Ullamcorper Consulting,New Zealand,NI,1447
Fringilla Inc.,United Kingdom,GWT,1176
Iaculis Nec Eleifend Foundation,Australia,QLD,1465
Imperdiet Erat Nonummy Incorporated,New Zealand,NI,1945
In Inc.,Australia,WA,1092
In Industries,New Zealand,SI,1894
Interdum Feugiat Sed Industries,United Kingdom,HPH,1375
Ipsum Dolor Corp.,United Kingdom,LDR,1682
Lectus Consulting,New Zealand,NI,1226
Lectus Institute,United States,ID,1790
Leo Vivamus Nibh Industries,Australia,TA,1628
Ligula Donec Luctus Company,Australia,WA,1443
Ligula Tortor Dictum Incorporated,United Kingdom,BDS,1520
Lobortis Quam A PC,Australia,VIC,1467
Lorem Ipsum Dolor Corp.,United Kingdom,NOR,1158
Lorem Ipsum Sodales Company,Australia,VIC,1887
Luctus Curabitur Egestas PC,United Kingdom,MSY,1392
Maecenas Mi Incorporated,New Zealand,SI,1329
Magnis Dis Parturient Company,United Kingdom,GNS,1806
Malesuada Vel Venenatis Corporation,Australia,NS,1936
Massa Integer Vitae Limited,New Zealand,NI,1219
Mauris Blandit Mattis LLC,United States,AK,1612
Mauris PC,United Kingdom,CTR,1059
Mi Limited,United States,KY,1190
Mi Tempor Lorem Corp.,United States,GA,1584
Molestie Tortor Nibh LLC,United States,GA,1331
Montes Incorporated,United Kingdom,SFK,1794
Nec Luctus Ltd,New Zealand,NI,1693
Netus Et Malesuada Associates,United States,OH,1979
Nibh Aliquam Institute,United Kingdom,LEC,1677
Nibh Enim Industries,Australia,NT,1735
Nibh Lacinia Orci LLC,United Kingdom,ESX,1281
Non Nisi Aenean PC,United States,OK,1551
Nonummy Ultricies Ltd,United Kingdom,ARM,1184
Nunc Quisque Limited,Australia,WA,1591
Nunc Risus Varius Corp.,New Zealand,SI,1257
Orci Corporation,United States,ID,1522
Orci Sem Ltd,United States,ME,1611
Ornare Facilisis Ltd,Australia,NSW,1183
Pede Associates,United Kingdom,IOW,1838
Pellentesque Company,Australia,NSW,1886
Per Associates,Australia,NT,1432
Pharetra Felis Eget Corp.,United States,NC,1464
Pharetra Industries,Australia,WA,1455
Phasellus Inc.,United Kingdom,HPH,1077
Placerat Orci Lacus Foundation,United States,VA,1630
Porttitor Tellus Non Foundation,United States,VA,1958
Posuere Corporation,United Kingdom,TWR,1909
Purus Ac Tellus Ltd,United Kingdom,CVE,1587
Quis Massa Mauris Company,United States,MN,1917
Risus Donec Egestas Corp.,Australia,VIC,1463
Risus In Associates,United States,MN,1412
Risus Nulla Eget PC,New Zealand,SI,1600
Rutrum Associates,United Kingdom,FFE,1947
Rutrum Foundation,United States,MA,1586
Scelerisque Neque Nullam Industries,United Kingdom,IOW,1125
Sed Malesuada Augue Associates,Australia,ACT,1496
Sem Pellentesque Industries,Australia,ACT,1478
Sociis Natoque Corp.,United States,PA,1503
Tellus Consulting,Australia,NSW,1454
Tempor Lorem Limited,Australia,WA,1715
Tempus Eu Consulting,Australia,NT,1856
Tincidunt Limited,United States,WY,1386
Tristique Neque Venenatis Foundation,United Kingdom,JER,1919
Turpis Nec Corporation,United Kingdom,SRK,1235
Velit Corp.,Australia,NSW,1608
Vitae Erat Associates,United Kingdom,TYR,1955
Vulputate Ullamcorper Associates,Australia,QLD,1269
